{"Iris-setosa": {"col:0": [5.006, 0.12176400000000002], "col:1": [3.418, 0.142276], "col:2": [1.464, 0.029504000000000002], "col:3": [0.24400000000000002, 0.011264000000000001], "count": 200}}	
{"Iris-versicolor": {"col:0": [5.936, 0.261104], "col:1": [2.77, 0.0965], "col:2": [4.26, 0.21640000000000004], "col:3": [1.3259999999999998, 0.038324], "count": 199}}	
{"Iris-virginica": {"col:0": [6.587999999999999, 0.39625600000000005], "col:1": [2.9739999999999998, 0.10192399999999999], "col:2": [5.5520000000000005, 0.29849600000000004], "col:3": [2.026, 0.07392399999999999], "count": 199}}	
